{
    "simConfig": {
        "addSynMechs": true,
        "amp": -0.02,
        "analysis": {
            "plotTraces": {
                "include": [
                    0
                ],
                "saveFig": true
            }
        },
        "backupCfgFile": [],
        "cache_efficient": false,
        "checkErrors": false,
        "checkErrorsVerbose": false,
        "compactConnFormat": false,
        "connRandomSecFromList": true,
        "createNEURONObj": true,
        "createPyStruct": true,
        "cvode_active": false,
        "cvode_atol": 0.001,
        "dt": 0.02,
        "duration": 1500.0,
        "filename": "model_output",
        "gatherOnlySimData": false,
        "hParams": {
            "celsius": 37,
            "clamp_resist": 0.001,
            "v_init": -80
        },
        "includeParamsLabel": true,
        "printPopAvgRates": false,
        "printRunTime": false,
        "printSynsAfterRule": false,
        "rand123GlobalIndex": null,
        "recordCells": [],
        "recordCellsSpikes": -1,
        "recordLFP": [],
        "recordStep": 0.02,
        "recordStim": false,
        "recordTime": true,
        "recordTraces": {
            "V_soma": {
                "loc": 0.5,
                "sec": "soma",
                "var": "v"
            }
        },
        "saveCSV": false,
        "saveCellConns": true,
        "saveCellSecs": true,
        "saveDat": false,
        "saveDataInclude": [
            "netParams",
            "netCells",
            "netPops",
            "simConfig",
            "simData"
        ],
        "saveDpk": false,
        "saveFolder": "data_old",
        "saveHDF5": false,
        "saveJson": true,
        "saveLFPCells": false,
        "saveMat": false,
        "savePickle": false,
        "saveTiming": false,
        "seeds": {
            "conn": 1,
            "loc": 1,
            "stim": 1
        },
        "simLabel": "compare__0",
        "timestampFilename": false,
        "timing": true,
        "tstop": 1000.0,
        "verbose": 1
    }
}